,age_range,interest,location,page,audience,total,location_estimate,location_total,perc_audience,perc_total
0,16-65,Global,MX,Global,75000000,75000000,75000000,75000000,1.0,1.0
1,16-65,Global,Guadalajara,Global,3300000,3300000,3300000,3300000,1.0,1.0
2,16-65,Global,Zapopan,Global,1100000,1100000,1100000,1100000,1.0,1.0
3,16-65,Global,Tlaquepaque,Global,480000,480000,480000,480000,1.0,1.0
4,16-65,Global,Tonila,Global,4300,4300,4300,4300,1.0,1.0
5,16-65,Global,Tlajomulco de Zúñiga,Global,420000,0,0,0,inf,
6,16-65,Global,Puerto Vallarta,Global,290000,290000,290000,290000,1.0,1.0
7,16-65,Global,Lagos de Moreno,Global,95000,95000,95000,95000,1.0,1.0
8,16-65,Global,El Salto,Global,21000,21000,21000,21000,1.0,1.0
9,16-65,Global,Tepatitlán De Morelos,Global,66000,0,0,0,inf,
10,16-65,Global,MX,Pedro Kumamoto,430000,430000,75000000,75000000,1.0,1.0
11,16-65,Global,Guadalajara,Pedro Kumamoto,80000,80000,3300000,3300000,1.0,1.0
12,16-65,Global,Zapopan,Pedro Kumamoto,56000,56000,1100000,1100000,1.0,1.0
13,16-65,Global,Tlaquepaque,Pedro Kumamoto,12000,12000,480000,480000,1.0,1.0
14,16-65,Global,Tonila,Pedro Kumamoto,50,50,4300,4300,1.0,1.0
15,16-65,Global,Tlajomulco de Zúñiga,Pedro Kumamoto,11000,0,0,0,inf,
16,16-65,Global,Puerto Vallarta,Pedro Kumamoto,5100,5100,290000,290000,1.0,1.0
17,16-65,Global,Lagos de Moreno,Pedro Kumamoto,910,910,95000,95000,1.0,1.0
18,16-65,Global,El Salto,Pedro Kumamoto,290,290,21000,21000,1.0,1.0
19,16-65,Global,Tepatitlán De Morelos,Pedro Kumamoto,790,0,0,0,inf,
20,16-65,Global,MX,Wikipolitica Jalisco,19000,19000,75000000,75000000,1.0,1.0
21,16-65,Global,Guadalajara,Wikipolitica Jalisco,7200,7200,3300000,3300000,1.0,1.0
22,16-65,Global,Zapopan,Wikipolitica Jalisco,4600,4600,1100000,1100000,1.0,1.0
23,16-65,Global,Tlaquepaque,Wikipolitica Jalisco,1000,1000,480000,480000,1.0,1.0
24,16-65,Global,Tonila,Wikipolitica Jalisco,20,20,4300,4300,1.0,1.0
25,16-65,Global,Tlajomulco de Zúñiga,Wikipolitica Jalisco,660,0,0,0,inf,
26,16-65,Global,Puerto Vallarta,Wikipolitica Jalisco,370,370,290000,290000,1.0,1.0
27,16-65,Global,Lagos de Moreno,Wikipolitica Jalisco,50,50,95000,95000,1.0,1.0
28,16-65,Global,El Salto,Wikipolitica Jalisco,20,20,21000,21000,1.0,1.0
29,16-65,Global,Tepatitlán De Morelos,Wikipolitica Jalisco,40,0,0,0,inf,
30,16-65,Global,MX,John Ackerman,71000,71000,75000000,75000000,1.0,1.0
31,16-65,Global,Guadalajara,John Ackerman,2100,2100,3300000,3300000,1.0,1.0
32,16-65,Global,Zapopan,John Ackerman,1000,1000,1100000,1100000,1.0,1.0
33,16-65,Global,Tlaquepaque,John Ackerman,230,230,480000,480000,1.0,1.0
34,16-65,Global,Tonila,John Ackerman,20,20,4300,4300,1.0,1.0
35,16-65,Global,Tlajomulco de Zúñiga,John Ackerman,210,0,0,0,inf,
36,16-65,Global,Puerto Vallarta,John Ackerman,240,240,290000,290000,1.0,1.0
37,16-65,Global,Lagos de Moreno,John Ackerman,60,60,95000,95000,1.0,1.0
38,16-65,Global,El Salto,John Ackerman,20,20,21000,21000,1.0,1.0
39,16-65,Global,Tepatitlán De Morelos,John Ackerman,20,0,0,0,inf,
40,16-65,Global,MX,Lopez Obrador,1700000,1700000,75000000,75000000,1.0,1.0
41,16-65,Global,Guadalajara,Lopez Obrador,61000,61000,3300000,3300000,1.0,1.0
42,16-65,Global,Zapopan,Lopez Obrador,27000,27000,1100000,1100000,1.0,1.0
43,16-65,Global,Tlaquepaque,Lopez Obrador,9700,9700,480000,480000,1.0,1.0
44,16-65,Global,Tonila,Lopez Obrador,70,70,4300,4300,1.0,1.0
45,16-65,Global,Tlajomulco de Zúñiga,Lopez Obrador,7900,0,0,0,inf,
46,16-65,Global,Puerto Vallarta,Lopez Obrador,8400,8400,290000,290000,1.0,1.0
47,16-65,Global,Lagos de Moreno,Lopez Obrador,1200,1200,95000,95000,1.0,1.0
48,16-65,Global,El Salto,Lopez Obrador,530,530,21000,21000,1.0,1.0
49,16-65,Global,Tepatitlán De Morelos,Lopez Obrador,810,0,0,0,inf,
50,16-65,Education,MX,Global,37000000,75000000,37000000,75000000,0.493333333333,0.493333333333
51,16-65,Education,Guadalajara,Global,1700000,3300000,1700000,3300000,0.515151515152,0.515151515152
52,16-65,Education,Zapopan,Global,660000,1100000,660000,1100000,0.6,0.6
53,16-65,Education,Tlaquepaque,Global,280000,480000,280000,480000,0.583333333333,0.583333333333
54,16-65,Education,Tonila,Global,3200,4300,3200,4300,0.744186046512,0.744186046512
55,16-65,Education,Tlajomulco de Zúñiga,Global,240000,0,0,0,inf,
56,16-65,Education,Puerto Vallarta,Global,160000,290000,160000,290000,0.551724137931,0.551724137931
57,16-65,Education,Lagos de Moreno,Global,47000,95000,47000,95000,0.494736842105,0.494736842105
58,16-65,Education,El Salto,Global,12000,21000,12000,21000,0.571428571429,0.571428571429
59,16-65,Education,Tepatitlán De Morelos,Global,33000,0,0,0,inf,
60,16-65,Education,MX,Pedro Kumamoto,400000,430000,37000000,75000000,0.93023255814,0.493333333333
61,16-65,Education,Guadalajara,Pedro Kumamoto,72000,80000,1700000,3300000,0.9,0.515151515152
62,16-65,Education,Zapopan,Pedro Kumamoto,51000,56000,660000,1100000,0.910714285714,0.6
63,16-65,Education,Tlaquepaque,Pedro Kumamoto,11000,12000,280000,480000,0.916666666667,0.583333333333
64,16-65,Education,Tonila,Pedro Kumamoto,110,50,3200,4300,2.2,0.744186046512
65,16-65,Education,Tlajomulco de Zúñiga,Pedro Kumamoto,9800,0,0,0,inf,
66,16-65,Education,Puerto Vallarta,Pedro Kumamoto,4700,5100,160000,290000,0.921568627451,0.551724137931
67,16-65,Education,Lagos de Moreno,Pedro Kumamoto,860,910,47000,95000,0.945054945055,0.494736842105
68,16-65,Education,El Salto,Pedro Kumamoto,260,290,12000,21000,0.896551724138,0.571428571429
69,16-65,Education,Tepatitlán De Morelos,Pedro Kumamoto,620,0,0,0,inf,
70,16-65,Education,MX,Wikipolitica Jalisco,17000,19000,37000000,75000000,0.894736842105,0.493333333333
71,16-65,Education,Guadalajara,Wikipolitica Jalisco,6800,7200,1700000,3300000,0.944444444444,0.515151515152
72,16-65,Education,Zapopan,Wikipolitica Jalisco,4300,4600,660000,1100000,0.934782608696,0.6
73,16-65,Education,Tlaquepaque,Wikipolitica Jalisco,1100,1000,280000,480000,1.1,0.583333333333
74,16-65,Education,Tonila,Wikipolitica Jalisco,20,20,3200,4300,1.0,0.744186046512
75,16-65,Education,Tlajomulco de Zúñiga,Wikipolitica Jalisco,670,0,0,0,inf,
76,16-65,Education,Puerto Vallarta,Wikipolitica Jalisco,360,370,160000,290000,0.972972972973,0.551724137931
77,16-65,Education,Lagos de Moreno,Wikipolitica Jalisco,50,50,47000,95000,1.0,0.494736842105
78,16-65,Education,El Salto,Wikipolitica Jalisco,20,20,12000,21000,1.0,0.571428571429
79,16-65,Education,Tepatitlán De Morelos,Wikipolitica Jalisco,30,0,0,0,inf,
80,16-65,Education,MX,John Ackerman,65000,71000,37000000,75000000,0.915492957746,0.493333333333
81,16-65,Education,Guadalajara,John Ackerman,1900,2100,1700000,3300000,0.904761904762,0.515151515152
82,16-65,Education,Zapopan,John Ackerman,990,1000,660000,1100000,0.99,0.6
83,16-65,Education,Tlaquepaque,John Ackerman,180,230,280000,480000,0.782608695652,0.583333333333
84,16-65,Education,Tonila,John Ackerman,20,20,3200,4300,1.0,0.744186046512
85,16-65,Education,Tlajomulco de Zúñiga,John Ackerman,140,0,0,0,inf,
86,16-65,Education,Puerto Vallarta,John Ackerman,240,240,160000,290000,1.0,0.551724137931
87,16-65,Education,Lagos de Moreno,John Ackerman,50,60,47000,95000,0.833333333333,0.494736842105
88,16-65,Education,El Salto,John Ackerman,20,20,12000,21000,1.0,0.571428571429
89,16-65,Education,Tepatitlán De Morelos,John Ackerman,30,0,0,0,inf,
90,16-65,Education,MX,Lopez Obrador,1400000,1700000,37000000,75000000,0.823529411765,0.493333333333
91,16-65,Education,Guadalajara,Lopez Obrador,51000,61000,1700000,3300000,0.83606557377,0.515151515152
92,16-65,Education,Zapopan,Lopez Obrador,23000,27000,660000,1100000,0.851851851852,0.6
93,16-65,Education,Tlaquepaque,Lopez Obrador,8600,9700,280000,480000,0.886597938144,0.583333333333
94,16-65,Education,Tonila,Lopez Obrador,120,70,3200,4300,1.71428571429,0.744186046512
95,16-65,Education,Tlajomulco de Zúñiga,Lopez Obrador,6900,0,0,0,inf,
96,16-65,Education,Puerto Vallarta,Lopez Obrador,7100,8400,160000,290000,0.845238095238,0.551724137931
97,16-65,Education,Lagos de Moreno,Lopez Obrador,1100,1200,47000,95000,0.916666666667,0.494736842105
98,16-65,Education,El Salto,Lopez Obrador,330,530,12000,21000,0.622641509434,0.571428571429
99,16-65,Education,Tepatitlán De Morelos,Lopez Obrador,560,0,0,0,inf,
100,16-65,Politics,MX,Global,11000000,75000000,11000000,75000000,0.146666666667,0.146666666667
101,16-65,Politics,Guadalajara,Global,570000,3300000,570000,3300000,0.172727272727,0.172727272727
102,16-65,Politics,Zapopan,Global,240000,1100000,240000,1100000,0.218181818182,0.218181818182
103,16-65,Politics,Tlaquepaque,Global,100000,480000,100000,480000,0.208333333333,0.208333333333
104,16-65,Politics,Tonila,Global,1200,4300,1200,4300,0.279069767442,0.279069767442
105,16-65,Politics,Tlajomulco de Zúñiga,Global,78000,0,0,0,inf,
106,16-65,Politics,Puerto Vallarta,Global,51000,290000,51000,290000,0.175862068966,0.175862068966
107,16-65,Politics,Lagos de Moreno,Global,16000,95000,16000,95000,0.168421052632,0.168421052632
108,16-65,Politics,El Salto,Global,5000,21000,5000,21000,0.238095238095,0.238095238095
109,16-65,Politics,Tepatitlán De Morelos,Global,10000,0,0,0,inf,
110,16-65,Politics,MX,Pedro Kumamoto,300000,430000,11000000,75000000,0.697674418605,0.146666666667
111,16-65,Politics,Guadalajara,Pedro Kumamoto,51000,80000,570000,3300000,0.6375,0.172727272727
112,16-65,Politics,Zapopan,Pedro Kumamoto,34000,56000,240000,1100000,0.607142857143,0.218181818182
113,16-65,Politics,Tlaquepaque,Pedro Kumamoto,8500,12000,100000,480000,0.708333333333,0.208333333333
114,16-65,Politics,Tonila,Pedro Kumamoto,100,50,1200,4300,2.0,0.279069767442
115,16-65,Politics,Tlajomulco de Zúñiga,Pedro Kumamoto,6900,0,0,0,inf,
116,16-65,Politics,Puerto Vallarta,Pedro Kumamoto,3200,5100,51000,290000,0.627450980392,0.175862068966
117,16-65,Politics,Lagos de Moreno,Pedro Kumamoto,610,910,16000,95000,0.67032967033,0.168421052632
118,16-65,Politics,El Salto,Pedro Kumamoto,270,290,5000,21000,0.931034482759,0.238095238095
119,16-65,Politics,Tepatitlán De Morelos,Pedro Kumamoto,470,0,0,0,inf,
120,16-65,Politics,MX,Wikipolitica Jalisco,15000,19000,11000000,75000000,0.789473684211,0.146666666667
121,16-65,Politics,Guadalajara,Wikipolitica Jalisco,6000,7200,570000,3300000,0.833333333333,0.172727272727
122,16-65,Politics,Zapopan,Wikipolitica Jalisco,3600,4600,240000,1100000,0.782608695652,0.218181818182
123,16-65,Politics,Tlaquepaque,Wikipolitica Jalisco,980,1000,100000,480000,0.98,0.208333333333
124,16-65,Politics,Tonila,Wikipolitica Jalisco,20,20,1200,4300,1.0,0.279069767442
125,16-65,Politics,Tlajomulco de Zúñiga,Wikipolitica Jalisco,610,0,0,0,inf,
126,16-65,Politics,Puerto Vallarta,Wikipolitica Jalisco,280,370,51000,290000,0.756756756757,0.175862068966
127,16-65,Politics,Lagos de Moreno,Wikipolitica Jalisco,30,50,16000,95000,0.6,0.168421052632
128,16-65,Politics,El Salto,Wikipolitica Jalisco,20,20,5000,21000,1.0,0.238095238095
129,16-65,Politics,Tepatitlán De Morelos,Wikipolitica Jalisco,20,0,0,0,inf,
130,16-65,Politics,MX,John Ackerman,58000,71000,11000000,75000000,0.816901408451,0.146666666667
131,16-65,Politics,Guadalajara,John Ackerman,1700,2100,570000,3300000,0.809523809524,0.172727272727
132,16-65,Politics,Zapopan,John Ackerman,960,1000,240000,1100000,0.96,0.218181818182
133,16-65,Politics,Tlaquepaque,John Ackerman,170,230,100000,480000,0.739130434783,0.208333333333
134,16-65,Politics,Tonila,John Ackerman,20,20,1200,4300,1.0,0.279069767442
135,16-65,Politics,Tlajomulco de Zúñiga,John Ackerman,130,0,0,0,inf,
136,16-65,Politics,Puerto Vallarta,John Ackerman,230,240,51000,290000,0.958333333333,0.175862068966
137,16-65,Politics,Lagos de Moreno,John Ackerman,40,60,16000,95000,0.666666666667,0.168421052632
138,16-65,Politics,El Salto,John Ackerman,20,20,5000,21000,1.0,0.238095238095
139,16-65,Politics,Tepatitlán De Morelos,John Ackerman,20,0,0,0,inf,
140,16-65,Politics,MX,Lopez Obrador,980000,1700000,11000000,75000000,0.576470588235,0.146666666667
141,16-65,Politics,Guadalajara,Lopez Obrador,39000,61000,570000,3300000,0.639344262295,0.172727272727
142,16-65,Politics,Zapopan,Lopez Obrador,18000,27000,240000,1100000,0.666666666667,0.218181818182
143,16-65,Politics,Tlaquepaque,Lopez Obrador,6800,9700,100000,480000,0.701030927835,0.208333333333
144,16-65,Politics,Tonila,Lopez Obrador,100,70,1200,4300,1.42857142857,0.279069767442
145,16-65,Politics,Tlajomulco de Zúñiga,Lopez Obrador,5200,0,0,0,inf,
146,16-65,Politics,Puerto Vallarta,Lopez Obrador,5000,8400,51000,290000,0.595238095238,0.175862068966
147,16-65,Politics,Lagos de Moreno,Lopez Obrador,850,1200,16000,95000,0.708333333333,0.168421052632
148,16-65,Politics,El Salto,Lopez Obrador,280,530,5000,21000,0.528301886792,0.238095238095
149,16-65,Politics,Tepatitlán De Morelos,Lopez Obrador,480,0,0,0,inf,
150,16-65,Transport,MX,Global,12000000,75000000,12000000,75000000,0.16,0.16
151,16-65,Transport,Guadalajara,Global,650000,3300000,650000,3300000,0.19696969697,0.19696969697
152,16-65,Transport,Zapopan,Global,260000,1100000,260000,1100000,0.236363636364,0.236363636364
153,16-65,Transport,Tlaquepaque,Global,120000,480000,120000,480000,0.25,0.25
154,16-65,Transport,Tonila,Global,1800,4300,1800,4300,0.418604651163,0.418604651163
155,16-65,Transport,Tlajomulco de Zúñiga,Global,100000,0,0,0,inf,
156,16-65,Transport,Puerto Vallarta,Global,63000,290000,63000,290000,0.21724137931,0.21724137931
157,16-65,Transport,Lagos de Moreno,Global,19000,95000,19000,95000,0.2,0.2
158,16-65,Transport,El Salto,Global,5200,21000,5200,21000,0.247619047619,0.247619047619
159,16-65,Transport,Tepatitlán De Morelos,Global,14000,0,0,0,inf,
160,16-65,Transport,MX,Pedro Kumamoto,220000,430000,12000000,75000000,0.511627906977,0.16
161,16-65,Transport,Guadalajara,Pedro Kumamoto,39000,80000,650000,3300000,0.4875,0.19696969697
162,16-65,Transport,Zapopan,Pedro Kumamoto,26000,56000,260000,1100000,0.464285714286,0.236363636364
163,16-65,Transport,Tlaquepaque,Pedro Kumamoto,6400,12000,120000,480000,0.533333333333,0.25
164,16-65,Transport,Tonila,Pedro Kumamoto,90,50,1800,4300,1.8,0.418604651163
165,16-65,Transport,Tlajomulco de Zúñiga,Pedro Kumamoto,5300,0,0,0,inf,
166,16-65,Transport,Puerto Vallarta,Pedro Kumamoto,2800,5100,63000,290000,0.549019607843,0.21724137931
167,16-65,Transport,Lagos de Moreno,Pedro Kumamoto,450,910,19000,95000,0.494505494505,0.2
168,16-65,Transport,El Salto,Pedro Kumamoto,200,290,5200,21000,0.689655172414,0.247619047619
169,16-65,Transport,Tepatitlán De Morelos,Pedro Kumamoto,310,0,0,0,inf,
170,16-65,Transport,MX,Wikipolitica Jalisco,11000,19000,12000000,75000000,0.578947368421,0.16
171,16-65,Transport,Guadalajara,Wikipolitica Jalisco,4500,7200,650000,3300000,0.625,0.19696969697
172,16-65,Transport,Zapopan,Wikipolitica Jalisco,2700,4600,260000,1100000,0.586956521739,0.236363636364
173,16-65,Transport,Tlaquepaque,Wikipolitica Jalisco,630,1000,120000,480000,0.63,0.25
174,16-65,Transport,Tonila,Wikipolitica Jalisco,20,20,1800,4300,1.0,0.418604651163
175,16-65,Transport,Tlajomulco de Zúñiga,Wikipolitica Jalisco,490,0,0,0,inf,
176,16-65,Transport,Puerto Vallarta,Wikipolitica Jalisco,210,370,63000,290000,0.567567567568,0.21724137931
177,16-65,Transport,Lagos de Moreno,Wikipolitica Jalisco,50,50,19000,95000,1.0,0.2
178,16-65,Transport,El Salto,Wikipolitica Jalisco,20,20,5200,21000,1.0,0.247619047619
179,16-65,Transport,Tepatitlán De Morelos,Wikipolitica Jalisco,20,0,0,0,inf,
180,16-65,Transport,MX,John Ackerman,34000,71000,12000000,75000000,0.478873239437,0.16
181,16-65,Transport,Guadalajara,John Ackerman,1000,2100,650000,3300000,0.47619047619,0.19696969697
182,16-65,Transport,Zapopan,John Ackerman,700,1000,260000,1100000,0.7,0.236363636364
183,16-65,Transport,Tlaquepaque,John Ackerman,150,230,120000,480000,0.652173913043,0.25
184,16-65,Transport,Tonila,John Ackerman,20,20,1800,4300,1.0,0.418604651163
185,16-65,Transport,Tlajomulco de Zúñiga,John Ackerman,120,0,0,0,inf,
186,16-65,Transport,Puerto Vallarta,John Ackerman,100,240,63000,290000,0.416666666667,0.21724137931
187,16-65,Transport,Lagos de Moreno,John Ackerman,20,60,19000,95000,0.333333333333,0.2
188,16-65,Transport,El Salto,John Ackerman,20,20,5200,21000,1.0,0.247619047619
189,16-65,Transport,Tepatitlán De Morelos,John Ackerman,30,0,0,0,inf,
190,16-65,Transport,MX,Lopez Obrador,710000,1700000,12000000,75000000,0.417647058824,0.16
191,16-65,Transport,Guadalajara,Lopez Obrador,28000,61000,650000,3300000,0.459016393443,0.19696969697
192,16-65,Transport,Zapopan,Lopez Obrador,13000,27000,260000,1100000,0.481481481481,0.236363636364
193,16-65,Transport,Tlaquepaque,Lopez Obrador,5300,9700,120000,480000,0.546391752577,0.25
194,16-65,Transport,Tonila,Lopez Obrador,90,70,1800,4300,1.28571428571,0.418604651163
195,16-65,Transport,Tlajomulco de Zúñiga,Lopez Obrador,4000,0,0,0,inf,
196,16-65,Transport,Puerto Vallarta,Lopez Obrador,3700,8400,63000,290000,0.440476190476,0.21724137931
197,16-65,Transport,Lagos de Moreno,Lopez Obrador,620,1200,19000,95000,0.516666666667,0.2
198,16-65,Transport,El Salto,Lopez Obrador,170,530,5200,21000,0.320754716981,0.247619047619
199,16-65,Transport,Tepatitlán De Morelos,Lopez Obrador,310,0,0,0,inf,
200,16-65,Health,MX,Global,8200000,75000000,8200000,75000000,0.109333333333,0.109333333333
201,16-65,Health,Guadalajara,Global,420000,3300000,420000,3300000,0.127272727273,0.127272727273
202,16-65,Health,Zapopan,Global,190000,1100000,190000,1100000,0.172727272727,0.172727272727
203,16-65,Health,Tlaquepaque,Global,70000,480000,70000,480000,0.145833333333,0.145833333333
204,16-65,Health,Tonila,Global,810,4300,810,4300,0.188372093023,0.188372093023
205,16-65,Health,Tlajomulco de Zúñiga,Global,57000,0,0,0,inf,
206,16-65,Health,Puerto Vallarta,Global,42000,290000,42000,290000,0.144827586207,0.144827586207
207,16-65,Health,Lagos de Moreno,Global,8900,95000,8900,95000,0.0936842105263,0.0936842105263
208,16-65,Health,El Salto,Global,2800,21000,2800,21000,0.133333333333,0.133333333333
209,16-65,Health,Tepatitlán De Morelos,Global,8400,0,0,0,inf,
210,16-65,Health,MX,Pedro Kumamoto,170000,430000,8200000,75000000,0.395348837209,0.109333333333
211,16-65,Health,Guadalajara,Pedro Kumamoto,30000,80000,420000,3300000,0.375,0.127272727273
212,16-65,Health,Zapopan,Pedro Kumamoto,22000,56000,190000,1100000,0.392857142857,0.172727272727
213,16-65,Health,Tlaquepaque,Pedro Kumamoto,4800,12000,70000,480000,0.4,0.145833333333
214,16-65,Health,Tonila,Pedro Kumamoto,40,50,810,4300,0.8,0.188372093023
215,16-65,Health,Tlajomulco de Zúñiga,Pedro Kumamoto,3900,0,0,0,inf,
216,16-65,Health,Puerto Vallarta,Pedro Kumamoto,2200,5100,42000,290000,0.43137254902,0.144827586207
217,16-65,Health,Lagos de Moreno,Pedro Kumamoto,280,910,8900,95000,0.307692307692,0.0936842105263
218,16-65,Health,El Salto,Pedro Kumamoto,100,290,2800,21000,0.344827586207,0.133333333333
219,16-65,Health,Tepatitlán De Morelos,Pedro Kumamoto,330,0,0,0,inf,
220,16-65,Health,MX,Wikipolitica Jalisco,8200,19000,8200000,75000000,0.431578947368,0.109333333333
221,16-65,Health,Guadalajara,Wikipolitica Jalisco,3100,7200,420000,3300000,0.430555555556,0.127272727273
222,16-65,Health,Zapopan,Wikipolitica Jalisco,1800,4600,190000,1100000,0.391304347826,0.172727272727
223,16-65,Health,Tlaquepaque,Wikipolitica Jalisco,450,1000,70000,480000,0.45,0.145833333333
224,16-65,Health,Tonila,Wikipolitica Jalisco,20,20,810,4300,1.0,0.188372093023
225,16-65,Health,Tlajomulco de Zúñiga,Wikipolitica Jalisco,350,0,0,0,inf,
226,16-65,Health,Puerto Vallarta,Wikipolitica Jalisco,180,370,42000,290000,0.486486486486,0.144827586207
227,16-65,Health,Lagos de Moreno,Wikipolitica Jalisco,20,50,8900,95000,0.4,0.0936842105263
228,16-65,Health,El Salto,Wikipolitica Jalisco,20,20,2800,21000,1.0,0.133333333333
229,16-65,Health,Tepatitlán De Morelos,Wikipolitica Jalisco,20,0,0,0,inf,
230,16-65,Health,MX,John Ackerman,27000,71000,8200000,75000000,0.380281690141,0.109333333333
231,16-65,Health,Guadalajara,John Ackerman,770,2100,420000,3300000,0.366666666667,0.127272727273
232,16-65,Health,Zapopan,John Ackerman,470,1000,190000,1100000,0.47,0.172727272727
233,16-65,Health,Tlaquepaque,John Ackerman,90,230,70000,480000,0.391304347826,0.145833333333
234,16-65,Health,Tonila,John Ackerman,20,20,810,4300,1.0,0.188372093023
235,16-65,Health,Tlajomulco de Zúñiga,John Ackerman,70,0,0,0,inf,
236,16-65,Health,Puerto Vallarta,John Ackerman,140,240,42000,290000,0.583333333333,0.144827586207
237,16-65,Health,Lagos de Moreno,John Ackerman,20,60,8900,95000,0.333333333333,0.0936842105263
238,16-65,Health,El Salto,John Ackerman,20,20,2800,21000,1.0,0.133333333333
239,16-65,Health,Tepatitlán De Morelos,John Ackerman,20,0,0,0,inf,
240,16-65,Health,MX,Lopez Obrador,500000,1700000,8200000,75000000,0.294117647059,0.109333333333
241,16-65,Health,Guadalajara,Lopez Obrador,19000,61000,420000,3300000,0.311475409836,0.127272727273
242,16-65,Health,Zapopan,Lopez Obrador,9000,27000,190000,1100000,0.333333333333,0.172727272727
243,16-65,Health,Tlaquepaque,Lopez Obrador,2900,9700,70000,480000,0.298969072165,0.145833333333
244,16-65,Health,Tonila,Lopez Obrador,50,70,810,4300,0.714285714286,0.188372093023
245,16-65,Health,Tlajomulco de Zúñiga,Lopez Obrador,2200,0,0,0,inf,
246,16-65,Health,Puerto Vallarta,Lopez Obrador,2700,8400,42000,290000,0.321428571429,0.144827586207
247,16-65,Health,Lagos de Moreno,Lopez Obrador,300,1200,8900,95000,0.25,0.0936842105263
248,16-65,Health,El Salto,Lopez Obrador,140,530,2800,21000,0.264150943396,0.133333333333
249,16-65,Health,Tepatitlán De Morelos,Lopez Obrador,210,0,0,0,inf,
250,16-65,Bicycles,MX,Global,5000000,75000000,5000000,75000000,0.0666666666667,0.0666666666667
251,16-65,Bicycles,Guadalajara,Global,250000,3300000,250000,3300000,0.0757575757576,0.0757575757576
252,16-65,Bicycles,Zapopan,Global,99000,1100000,99000,1100000,0.09,0.09
253,16-65,Bicycles,Tlaquepaque,Global,41000,480000,41000,480000,0.0854166666667,0.0854166666667
254,16-65,Bicycles,Tonila,Global,320,4300,320,4300,0.0744186046512,0.0744186046512
255,16-65,Bicycles,Tlajomulco de Zúñiga,Global,34000,0,0,0,inf,
256,16-65,Bicycles,Puerto Vallarta,Global,24000,290000,24000,290000,0.0827586206897,0.0827586206897
257,16-65,Bicycles,Lagos de Moreno,Global,7700,95000,7700,95000,0.0810526315789,0.0810526315789
258,16-65,Bicycles,El Salto,Global,1500,21000,1500,21000,0.0714285714286,0.0714285714286
259,16-65,Bicycles,Tepatitlán De Morelos,Global,6300,0,0,0,inf,
260,16-65,Bicycles,MX,Pedro Kumamoto,110000,430000,5000000,75000000,0.255813953488,0.0666666666667
261,16-65,Bicycles,Guadalajara,Pedro Kumamoto,22000,80000,250000,3300000,0.275,0.0757575757576
262,16-65,Bicycles,Zapopan,Pedro Kumamoto,14000,56000,99000,1100000,0.25,0.09
263,16-65,Bicycles,Tlaquepaque,Pedro Kumamoto,3300,12000,41000,480000,0.275,0.0854166666667
264,16-65,Bicycles,Tonila,Pedro Kumamoto,40,50,320,4300,0.8,0.0744186046512
265,16-65,Bicycles,Tlajomulco de Zúñiga,Pedro Kumamoto,2900,0,0,0,inf,
266,16-65,Bicycles,Puerto Vallarta,Pedro Kumamoto,1500,5100,24000,290000,0.294117647059,0.0827586206897
267,16-65,Bicycles,Lagos de Moreno,Pedro Kumamoto,150,910,7700,95000,0.164835164835,0.0810526315789
268,16-65,Bicycles,El Salto,Pedro Kumamoto,20,290,1500,21000,0.0689655172414,0.0714285714286
269,16-65,Bicycles,Tepatitlán De Morelos,Pedro Kumamoto,180,0,0,0,inf,
270,16-65,Bicycles,MX,Wikipolitica Jalisco,7100,19000,5000000,75000000,0.373684210526,0.0666666666667
271,16-65,Bicycles,Guadalajara,Wikipolitica Jalisco,2900,7200,250000,3300000,0.402777777778,0.0757575757576
272,16-65,Bicycles,Zapopan,Wikipolitica Jalisco,1800,4600,99000,1100000,0.391304347826,0.09
273,16-65,Bicycles,Tlaquepaque,Wikipolitica Jalisco,400,1000,41000,480000,0.4,0.0854166666667
274,16-65,Bicycles,Tonila,Wikipolitica Jalisco,20,20,320,4300,1.0,0.0744186046512
275,16-65,Bicycles,Tlajomulco de Zúñiga,Wikipolitica Jalisco,310,0,0,0,inf,
276,16-65,Bicycles,Puerto Vallarta,Wikipolitica Jalisco,130,370,24000,290000,0.351351351351,0.0827586206897
277,16-65,Bicycles,Lagos de Moreno,Wikipolitica Jalisco,20,50,7700,95000,0.4,0.0810526315789
278,16-65,Bicycles,El Salto,Wikipolitica Jalisco,20,20,1500,21000,1.0,0.0714285714286
279,16-65,Bicycles,Tepatitlán De Morelos,Wikipolitica Jalisco,20,0,0,0,inf,
280,16-65,Bicycles,MX,John Ackerman,18000,71000,5000000,75000000,0.253521126761,0.0666666666667
281,16-65,Bicycles,Guadalajara,John Ackerman,710,2100,250000,3300000,0.338095238095,0.0757575757576
282,16-65,Bicycles,Zapopan,John Ackerman,400,1000,99000,1100000,0.4,0.09
283,16-65,Bicycles,Tlaquepaque,John Ackerman,70,230,41000,480000,0.304347826087,0.0854166666667
284,16-65,Bicycles,Tonila,John Ackerman,20,20,320,4300,1.0,0.0744186046512
285,16-65,Bicycles,Tlajomulco de Zúñiga,John Ackerman,30,0,0,0,inf,
286,16-65,Bicycles,Puerto Vallarta,John Ackerman,70,240,24000,290000,0.291666666667,0.0827586206897
287,16-65,Bicycles,Lagos de Moreno,John Ackerman,20,60,7700,95000,0.333333333333,0.0810526315789
288,16-65,Bicycles,El Salto,John Ackerman,20,20,1500,21000,1.0,0.0714285714286
289,16-65,Bicycles,Tepatitlán De Morelos,John Ackerman,20,0,0,0,inf,
290,16-65,Bicycles,MX,Lopez Obrador,320000,1700000,5000000,75000000,0.188235294118,0.0666666666667
291,16-65,Bicycles,Guadalajara,Lopez Obrador,14000,61000,250000,3300000,0.229508196721,0.0757575757576
292,16-65,Bicycles,Zapopan,Lopez Obrador,6700,27000,99000,1100000,0.248148148148,0.09
293,16-65,Bicycles,Tlaquepaque,Lopez Obrador,2400,9700,41000,480000,0.247422680412,0.0854166666667
294,16-65,Bicycles,Tonila,Lopez Obrador,50,70,320,4300,0.714285714286,0.0744186046512
295,16-65,Bicycles,Tlajomulco de Zúñiga,Lopez Obrador,2200,0,0,0,inf,
296,16-65,Bicycles,Puerto Vallarta,Lopez Obrador,1700,8400,24000,290000,0.202380952381,0.0827586206897
297,16-65,Bicycles,Lagos de Moreno,Lopez Obrador,320,1200,7700,95000,0.266666666667,0.0810526315789
298,16-65,Bicycles,El Salto,Lopez Obrador,90,530,1500,21000,0.169811320755,0.0714285714286
299,16-65,Bicycles,Tepatitlán De Morelos,Lopez Obrador,220,0,0,0,inf,
300,16-65,Sustaintability,MX,Global,4200000,75000000,4200000,75000000,0.056,0.056
301,16-65,Sustaintability,Guadalajara,Global,230000,3300000,230000,3300000,0.069696969697,0.069696969697
302,16-65,Sustaintability,Zapopan,Global,110000,1100000,110000,1100000,0.1,0.1
303,16-65,Sustaintability,Tlaquepaque,Global,36000,480000,36000,480000,0.075,0.075
304,16-65,Sustaintability,Tonila,Global,430,4300,430,4300,0.1,0.1
305,16-65,Sustaintability,Tlajomulco de Zúñiga,Global,33000,0,0,0,inf,
306,16-65,Sustaintability,Puerto Vallarta,Global,21000,290000,21000,290000,0.0724137931034,0.0724137931034
307,16-65,Sustaintability,Lagos de Moreno,Global,5600,95000,5600,95000,0.0589473684211,0.0589473684211
308,16-65,Sustaintability,El Salto,Global,1400,21000,1400,21000,0.0666666666667,0.0666666666667
309,16-65,Sustaintability,Tepatitlán De Morelos,Global,3300,0,0,0,inf,
310,16-65,Sustaintability,MX,Pedro Kumamoto,160000,430000,4200000,75000000,0.372093023256,0.056
311,16-65,Sustaintability,Guadalajara,Pedro Kumamoto,27000,80000,230000,3300000,0.3375,0.069696969697
312,16-65,Sustaintability,Zapopan,Pedro Kumamoto,19000,56000,110000,1100000,0.339285714286,0.1
313,16-65,Sustaintability,Tlaquepaque,Pedro Kumamoto,4400,12000,36000,480000,0.366666666667,0.075
314,16-65,Sustaintability,Tonila,Pedro Kumamoto,40,50,430,4300,0.8,0.1
315,16-65,Sustaintability,Tlajomulco de Zúñiga,Pedro Kumamoto,3700,0,0,0,inf,
316,16-65,Sustaintability,Puerto Vallarta,Pedro Kumamoto,1700,5100,21000,290000,0.333333333333,0.0724137931034
317,16-65,Sustaintability,Lagos de Moreno,Pedro Kumamoto,280,910,5600,95000,0.307692307692,0.0589473684211
318,16-65,Sustaintability,El Salto,Pedro Kumamoto,140,290,1400,21000,0.48275862069,0.0666666666667
319,16-65,Sustaintability,Tepatitlán De Morelos,Pedro Kumamoto,210,0,0,0,inf,
320,16-65,Sustaintability,MX,Wikipolitica Jalisco,11000,19000,4200000,75000000,0.578947368421,0.056
321,16-65,Sustaintability,Guadalajara,Wikipolitica Jalisco,4100,7200,230000,3300000,0.569444444444,0.069696969697
322,16-65,Sustaintability,Zapopan,Wikipolitica Jalisco,2700,4600,110000,1100000,0.586956521739,0.1
323,16-65,Sustaintability,Tlaquepaque,Wikipolitica Jalisco,570,1000,36000,480000,0.57,0.075
324,16-65,Sustaintability,Tonila,Wikipolitica Jalisco,20,20,430,4300,1.0,0.1
325,16-65,Sustaintability,Tlajomulco de Zúñiga,Wikipolitica Jalisco,330,0,0,0,inf,
326,16-65,Sustaintability,Puerto Vallarta,Wikipolitica Jalisco,200,370,21000,290000,0.540540540541,0.0724137931034
327,16-65,Sustaintability,Lagos de Moreno,Wikipolitica Jalisco,20,50,5600,95000,0.4,0.0589473684211
328,16-65,Sustaintability,El Salto,Wikipolitica Jalisco,20,20,1400,21000,1.0,0.0666666666667
329,16-65,Sustaintability,Tepatitlán De Morelos,Wikipolitica Jalisco,20,0,0,0,inf,
330,16-65,Sustaintability,MX,John Ackerman,34000,71000,4200000,75000000,0.478873239437,0.056
331,16-65,Sustaintability,Guadalajara,John Ackerman,990,2100,230000,3300000,0.471428571429,0.069696969697
332,16-65,Sustaintability,Zapopan,John Ackerman,660,1000,110000,1100000,0.66,0.1
333,16-65,Sustaintability,Tlaquepaque,John Ackerman,130,230,36000,480000,0.565217391304,0.075
334,16-65,Sustaintability,Tonila,John Ackerman,20,20,430,4300,1.0,0.1
335,16-65,Sustaintability,Tlajomulco de Zúñiga,John Ackerman,80,0,0,0,inf,
336,16-65,Sustaintability,Puerto Vallarta,John Ackerman,140,240,21000,290000,0.583333333333,0.0724137931034
337,16-65,Sustaintability,Lagos de Moreno,John Ackerman,30,60,5600,95000,0.5,0.0589473684211
338,16-65,Sustaintability,El Salto,John Ackerman,20,20,1400,21000,1.0,0.0666666666667
339,16-65,Sustaintability,Tepatitlán De Morelos,John Ackerman,20,0,0,0,inf,
340,16-65,Sustaintability,MX,Lopez Obrador,400000,1700000,4200000,75000000,0.235294117647,0.056
341,16-65,Sustaintability,Guadalajara,Lopez Obrador,17000,61000,230000,3300000,0.27868852459,0.069696969697
342,16-65,Sustaintability,Zapopan,Lopez Obrador,8100,27000,110000,1100000,0.3,0.1
343,16-65,Sustaintability,Tlaquepaque,Lopez Obrador,2900,9700,36000,480000,0.298969072165,0.075
344,16-65,Sustaintability,Tonila,Lopez Obrador,20,70,430,4300,0.285714285714,0.1
345,16-65,Sustaintability,Tlajomulco de Zúñiga,Lopez Obrador,2600,0,0,0,inf,
346,16-65,Sustaintability,Puerto Vallarta,Lopez Obrador,1900,8400,21000,290000,0.22619047619,0.0724137931034
347,16-65,Sustaintability,Lagos de Moreno,Lopez Obrador,330,1200,5600,95000,0.275,0.0589473684211
348,16-65,Sustaintability,El Salto,Lopez Obrador,60,530,1400,21000,0.11320754717,0.0666666666667
349,16-65,Sustaintability,Tepatitlán De Morelos,Lopez Obrador,110,0,0,0,inf,
350,16-65,Security,MX,Global,8000000,75000000,8000000,75000000,0.106666666667,0.106666666667
351,16-65,Security,Guadalajara,Global,350000,3300000,350000,3300000,0.106060606061,0.106060606061
352,16-65,Security,Zapopan,Global,140000,1100000,140000,1100000,0.127272727273,0.127272727273
353,16-65,Security,Tlaquepaque,Global,60000,480000,60000,480000,0.125,0.125
354,16-65,Security,Tonila,Global,670,4300,670,4300,0.155813953488,0.155813953488
355,16-65,Security,Tlajomulco de Zúñiga,Global,53000,0,0,0,inf,
356,16-65,Security,Puerto Vallarta,Global,34000,290000,34000,290000,0.11724137931,0.11724137931
357,16-65,Security,Lagos de Moreno,Global,10000,95000,10000,95000,0.105263157895,0.105263157895
358,16-65,Security,El Salto,Global,2800,21000,2800,21000,0.133333333333,0.133333333333
359,16-65,Security,Tepatitlán De Morelos,Global,6300,0,0,0,inf,
360,16-65,Security,MX,Pedro Kumamoto,160000,430000,8000000,75000000,0.372093023256,0.106666666667
361,16-65,Security,Guadalajara,Pedro Kumamoto,25000,80000,350000,3300000,0.3125,0.106060606061
362,16-65,Security,Zapopan,Pedro Kumamoto,17000,56000,140000,1100000,0.303571428571,0.127272727273
363,16-65,Security,Tlaquepaque,Pedro Kumamoto,4400,12000,60000,480000,0.366666666667,0.125
364,16-65,Security,Tonila,Pedro Kumamoto,40,50,670,4300,0.8,0.155813953488
365,16-65,Security,Tlajomulco de Zúñiga,Pedro Kumamoto,3200,0,0,0,inf,
366,16-65,Security,Puerto Vallarta,Pedro Kumamoto,1700,5100,34000,290000,0.333333333333,0.11724137931
367,16-65,Security,Lagos de Moreno,Pedro Kumamoto,240,910,10000,95000,0.263736263736,0.105263157895
368,16-65,Security,El Salto,Pedro Kumamoto,200,290,2800,21000,0.689655172414,0.133333333333
369,16-65,Security,Tepatitlán De Morelos,Pedro Kumamoto,230,0,0,0,inf,
370,16-65,Security,MX,Wikipolitica Jalisco,8800,19000,8000000,75000000,0.463157894737,0.106666666667
371,16-65,Security,Guadalajara,Wikipolitica Jalisco,3000,7200,350000,3300000,0.416666666667,0.106060606061
372,16-65,Security,Zapopan,Wikipolitica Jalisco,1900,4600,140000,1100000,0.413043478261,0.127272727273
373,16-65,Security,Tlaquepaque,Wikipolitica Jalisco,530,1000,60000,480000,0.53,0.125
374,16-65,Security,Tonila,Wikipolitica Jalisco,20,20,670,4300,1.0,0.155813953488
375,16-65,Security,Tlajomulco de Zúñiga,Wikipolitica Jalisco,300,0,0,0,inf,
376,16-65,Security,Puerto Vallarta,Wikipolitica Jalisco,170,370,34000,290000,0.459459459459,0.11724137931
377,16-65,Security,Lagos de Moreno,Wikipolitica Jalisco,20,50,10000,95000,0.4,0.105263157895
378,16-65,Security,El Salto,Wikipolitica Jalisco,20,20,2800,21000,1.0,0.133333333333
379,16-65,Security,Tepatitlán De Morelos,Wikipolitica Jalisco,20,0,0,0,inf,
380,16-65,Security,MX,John Ackerman,33000,71000,8000000,75000000,0.464788732394,0.106666666667
381,16-65,Security,Guadalajara,John Ackerman,960,2100,350000,3300000,0.457142857143,0.106060606061
382,16-65,Security,Zapopan,John Ackerman,510,1000,140000,1100000,0.51,0.127272727273
383,16-65,Security,Tlaquepaque,John Ackerman,110,230,60000,480000,0.478260869565,0.125
384,16-65,Security,Tonila,John Ackerman,20,20,670,4300,1.0,0.155813953488
385,16-65,Security,Tlajomulco de Zúñiga,John Ackerman,60,0,0,0,inf,
386,16-65,Security,Puerto Vallarta,John Ackerman,140,240,34000,290000,0.583333333333,0.11724137931
387,16-65,Security,Lagos de Moreno,John Ackerman,20,60,10000,95000,0.333333333333,0.105263157895
388,16-65,Security,El Salto,John Ackerman,20,20,2800,21000,1.0,0.133333333333
389,16-65,Security,Tepatitlán De Morelos,John Ackerman,20,0,0,0,inf,
390,16-65,Security,MX,Lopez Obrador,610000,1700000,8000000,75000000,0.358823529412,0.106666666667
391,16-65,Security,Guadalajara,Lopez Obrador,21000,61000,350000,3300000,0.344262295082,0.106060606061
392,16-65,Security,Zapopan,Lopez Obrador,9800,27000,140000,1100000,0.362962962963,0.127272727273
393,16-65,Security,Tlaquepaque,Lopez Obrador,3600,9700,60000,480000,0.371134020619,0.125
394,16-65,Security,Tonila,Lopez Obrador,40,70,670,4300,0.571428571429,0.155813953488
395,16-65,Security,Tlajomulco de Zúñiga,Lopez Obrador,2800,0,0,0,inf,
396,16-65,Security,Puerto Vallarta,Lopez Obrador,2800,8400,34000,290000,0.333333333333,0.11724137931
397,16-65,Security,Lagos de Moreno,Lopez Obrador,460,1200,10000,95000,0.383333333333,0.105263157895
398,16-65,Security,El Salto,Lopez Obrador,160,530,2800,21000,0.301886792453,0.133333333333
399,16-65,Security,Tepatitlán De Morelos,Lopez Obrador,170,0,0,0,inf,
400,16-65,Left Wing Politics,MX,Global,810000,75000000,810000,75000000,0.0108,0.0108
401,16-65,Left Wing Politics,Guadalajara,Global,30000,3300000,30000,3300000,0.00909090909091,0.00909090909091
402,16-65,Left Wing Politics,Zapopan,Global,14000,1100000,14000,1100000,0.0127272727273,0.0127272727273
403,16-65,Left Wing Politics,Tlaquepaque,Global,4500,480000,4500,480000,0.009375,0.009375
404,16-65,Left Wing Politics,Tonila,Global,50,4300,50,4300,0.0116279069767,0.0116279069767
405,16-65,Left Wing Politics,Tlajomulco de Zúñiga,Global,4000,0,0,0,inf,
406,16-65,Left Wing Politics,Puerto Vallarta,Global,2700,290000,2700,290000,0.00931034482759,0.00931034482759
407,16-65,Left Wing Politics,Lagos de Moreno,Global,840,95000,840,95000,0.00884210526316,0.00884210526316
408,16-65,Left Wing Politics,El Salto,Global,180,21000,180,21000,0.00857142857143,0.00857142857143
409,16-65,Left Wing Politics,Tepatitlán De Morelos,Global,470,0,0,0,inf,
410,16-65,Left Wing Politics,MX,Pedro Kumamoto,49000,430000,810000,75000000,0.113953488372,0.0108
411,16-65,Left Wing Politics,Guadalajara,Pedro Kumamoto,5800,80000,30000,3300000,0.0725,0.00909090909091
412,16-65,Left Wing Politics,Zapopan,Pedro Kumamoto,3400,56000,14000,1100000,0.0607142857143,0.0127272727273
413,16-65,Left Wing Politics,Tlaquepaque,Pedro Kumamoto,850,12000,4500,480000,0.0708333333333,0.009375
414,16-65,Left Wing Politics,Tonila,Pedro Kumamoto,20,50,50,4300,0.4,0.0116279069767
415,16-65,Left Wing Politics,Tlajomulco de Zúñiga,Pedro Kumamoto,630,0,0,0,inf,
416,16-65,Left Wing Politics,Puerto Vallarta,Pedro Kumamoto,390,5100,2700,290000,0.0764705882353,0.00931034482759
417,16-65,Left Wing Politics,Lagos de Moreno,Pedro Kumamoto,80,910,840,95000,0.0879120879121,0.00884210526316
418,16-65,Left Wing Politics,El Salto,Pedro Kumamoto,20,290,180,21000,0.0689655172414,0.00857142857143
419,16-65,Left Wing Politics,Tepatitlán De Morelos,Pedro Kumamoto,40,0,0,0,inf,
420,16-65,Left Wing Politics,MX,Wikipolitica Jalisco,4500,19000,810000,75000000,0.236842105263,0.0108
421,16-65,Left Wing Politics,Guadalajara,Wikipolitica Jalisco,1300,7200,30000,3300000,0.180555555556,0.00909090909091
422,16-65,Left Wing Politics,Zapopan,Wikipolitica Jalisco,710,4600,14000,1100000,0.154347826087,0.0127272727273
423,16-65,Left Wing Politics,Tlaquepaque,Wikipolitica Jalisco,180,1000,4500,480000,0.18,0.009375
424,16-65,Left Wing Politics,Tonila,Wikipolitica Jalisco,20,20,50,4300,1.0,0.0116279069767
425,16-65,Left Wing Politics,Tlajomulco de Zúñiga,Wikipolitica Jalisco,100,0,0,0,inf,
426,16-65,Left Wing Politics,Puerto Vallarta,Wikipolitica Jalisco,70,370,2700,290000,0.189189189189,0.00931034482759
427,16-65,Left Wing Politics,Lagos de Moreno,Wikipolitica Jalisco,20,50,840,95000,0.4,0.00884210526316
428,16-65,Left Wing Politics,El Salto,Wikipolitica Jalisco,20,20,180,21000,1.0,0.00857142857143
429,16-65,Left Wing Politics,Tepatitlán De Morelos,Wikipolitica Jalisco,20,0,0,0,inf,
430,16-65,Left Wing Politics,MX,John Ackerman,24000,71000,810000,75000000,0.338028169014,0.0108
431,16-65,Left Wing Politics,Guadalajara,John Ackerman,680,2100,30000,3300000,0.32380952381,0.00909090909091
432,16-65,Left Wing Politics,Zapopan,John Ackerman,320,1000,14000,1100000,0.32,0.0127272727273
433,16-65,Left Wing Politics,Tlaquepaque,John Ackerman,70,230,4500,480000,0.304347826087,0.009375
434,16-65,Left Wing Politics,Tonila,John Ackerman,20,20,50,4300,1.0,0.0116279069767
435,16-65,Left Wing Politics,Tlajomulco de Zúñiga,John Ackerman,50,0,0,0,inf,
436,16-65,Left Wing Politics,Puerto Vallarta,John Ackerman,70,240,2700,290000,0.291666666667,0.00931034482759
437,16-65,Left Wing Politics,Lagos de Moreno,John Ackerman,20,60,840,95000,0.333333333333,0.00884210526316
438,16-65,Left Wing Politics,El Salto,John Ackerman,20,20,180,21000,1.0,0.00857142857143
439,16-65,Left Wing Politics,Tepatitlán De Morelos,John Ackerman,20,0,0,0,inf,
440,16-65,Left Wing Politics,MX,Lopez Obrador,180000,1700000,810000,75000000,0.105882352941,0.0108
441,16-65,Left Wing Politics,Guadalajara,Lopez Obrador,6000,61000,30000,3300000,0.0983606557377,0.00909090909091
442,16-65,Left Wing Politics,Zapopan,Lopez Obrador,2700,27000,14000,1100000,0.1,0.0127272727273
443,16-65,Left Wing Politics,Tlaquepaque,Lopez Obrador,880,9700,4500,480000,0.0907216494845,0.009375
444,16-65,Left Wing Politics,Tonila,Lopez Obrador,20,70,50,4300,0.285714285714,0.0116279069767
445,16-65,Left Wing Politics,Tlajomulco de Zúñiga,Lopez Obrador,730,0,0,0,inf,
446,16-65,Left Wing Politics,Puerto Vallarta,Lopez Obrador,680,8400,2700,290000,0.0809523809524,0.00931034482759
447,16-65,Left Wing Politics,Lagos de Moreno,Lopez Obrador,120,1200,840,95000,0.1,0.00884210526316
448,16-65,Left Wing Politics,El Salto,Lopez Obrador,50,530,180,21000,0.0943396226415,0.00857142857143
449,16-65,Left Wing Politics,Tepatitlán De Morelos,Lopez Obrador,70,0,0,0,inf,
450,16-65,Right Wings Politics,MX,Global,67000,75000000,67000,75000000,0.000893333333333,0.000893333333333
451,16-65,Right Wings Politics,Guadalajara,Global,5000,3300000,5000,3300000,0.00151515151515,0.00151515151515
452,16-65,Right Wings Politics,Zapopan,Global,2300,1100000,2300,1100000,0.00209090909091,0.00209090909091
453,16-65,Right Wings Politics,Tlaquepaque,Global,760,480000,760,480000,0.00158333333333,0.00158333333333
454,16-65,Right Wings Politics,Tonila,Global,20,4300,20,4300,0.0046511627907,0.0046511627907
455,16-65,Right Wings Politics,Tlajomulco de Zúñiga,Global,900,0,0,0,inf,
456,16-65,Right Wings Politics,Puerto Vallarta,Global,400,290000,400,290000,0.00137931034483,0.00137931034483
457,16-65,Right Wings Politics,Lagos de Moreno,Global,50,95000,50,95000,0.000526315789474,0.000526315789474
458,16-65,Right Wings Politics,El Salto,Global,30,21000,30,21000,0.00142857142857,0.00142857142857
459,16-65,Right Wings Politics,Tepatitlán De Morelos,Global,110,0,0,0,inf,
460,16-65,Right Wings Politics,MX,Pedro Kumamoto,4900,430000,67000,75000000,0.0113953488372,0.000893333333333
461,16-65,Right Wings Politics,Guadalajara,Pedro Kumamoto,720,80000,5000,3300000,0.009,0.00151515151515
462,16-65,Right Wings Politics,Zapopan,Pedro Kumamoto,480,56000,2300,1100000,0.00857142857143,0.00209090909091
463,16-65,Right Wings Politics,Tlaquepaque,Pedro Kumamoto,100,12000,760,480000,0.00833333333333,0.00158333333333
464,16-65,Right Wings Politics,Tonila,Pedro Kumamoto,20,50,20,4300,0.4,0.0046511627907
465,16-65,Right Wings Politics,Tlajomulco de Zúñiga,Pedro Kumamoto,100,0,0,0,inf,
466,16-65,Right Wings Politics,Puerto Vallarta,Pedro Kumamoto,50,5100,400,290000,0.00980392156863,0.00137931034483
467,16-65,Right Wings Politics,Lagos de Moreno,Pedro Kumamoto,20,910,50,95000,0.021978021978,0.000526315789474
468,16-65,Right Wings Politics,El Salto,Pedro Kumamoto,20,290,30,21000,0.0689655172414,0.00142857142857
469,16-65,Right Wings Politics,Tepatitlán De Morelos,Pedro Kumamoto,20,0,0,0,inf,
470,16-65,Right Wings Politics,MX,Wikipolitica Jalisco,520,19000,67000,75000000,0.0273684210526,0.000893333333333
471,16-65,Right Wings Politics,Guadalajara,Wikipolitica Jalisco,120,7200,5000,3300000,0.0166666666667,0.00151515151515
472,16-65,Right Wings Politics,Zapopan,Wikipolitica Jalisco,80,4600,2300,1100000,0.0173913043478,0.00209090909091
473,16-65,Right Wings Politics,Tlaquepaque,Wikipolitica Jalisco,20,1000,760,480000,0.02,0.00158333333333
474,16-65,Right Wings Politics,Tonila,Wikipolitica Jalisco,20,20,20,4300,1.0,0.0046511627907
475,16-65,Right Wings Politics,Tlajomulco de Zúñiga,Wikipolitica Jalisco,20,0,0,0,inf,
476,16-65,Right Wings Politics,Puerto Vallarta,Wikipolitica Jalisco,20,370,400,290000,0.0540540540541,0.00137931034483
477,16-65,Right Wings Politics,Lagos de Moreno,Wikipolitica Jalisco,20,50,50,95000,0.4,0.000526315789474
478,16-65,Right Wings Politics,El Salto,Wikipolitica Jalisco,20,20,30,21000,1.0,0.00142857142857
479,16-65,Right Wings Politics,Tepatitlán De Morelos,Wikipolitica Jalisco,20,0,0,0,inf,
480,16-65,Right Wings Politics,MX,John Ackerman,2200,71000,67000,75000000,0.030985915493,0.000893333333333
481,16-65,Right Wings Politics,Guadalajara,John Ackerman,60,2100,5000,3300000,0.0285714285714,0.00151515151515
482,16-65,Right Wings Politics,Zapopan,John Ackerman,30,1000,2300,1100000,0.03,0.00209090909091
483,16-65,Right Wings Politics,Tlaquepaque,John Ackerman,20,230,760,480000,0.0869565217391,0.00158333333333
484,16-65,Right Wings Politics,Tonila,John Ackerman,20,20,20,4300,1.0,0.0046511627907
485,16-65,Right Wings Politics,Tlajomulco de Zúñiga,John Ackerman,20,0,0,0,inf,
486,16-65,Right Wings Politics,Puerto Vallarta,John Ackerman,20,240,400,290000,0.0833333333333,0.00137931034483
487,16-65,Right Wings Politics,Lagos de Moreno,John Ackerman,20,60,50,95000,0.333333333333,0.000526315789474
488,16-65,Right Wings Politics,El Salto,John Ackerman,20,20,30,21000,1.0,0.00142857142857
489,16-65,Right Wings Politics,Tepatitlán De Morelos,John Ackerman,20,0,0,0,inf,
490,16-65,Right Wings Politics,MX,Lopez Obrador,12000,1700000,67000,75000000,0.00705882352941,0.000893333333333
491,16-65,Right Wings Politics,Guadalajara,Lopez Obrador,540,61000,5000,3300000,0.00885245901639,0.00151515151515
492,16-65,Right Wings Politics,Zapopan,Lopez Obrador,270,27000,2300,1100000,0.01,0.00209090909091
493,16-65,Right Wings Politics,Tlaquepaque,Lopez Obrador,60,9700,760,480000,0.00618556701031,0.00158333333333
494,16-65,Right Wings Politics,Tonila,Lopez Obrador,20,70,20,4300,0.285714285714,0.0046511627907
495,16-65,Right Wings Politics,Tlajomulco de Zúñiga,Lopez Obrador,80,0,0,0,inf,
496,16-65,Right Wings Politics,Puerto Vallarta,Lopez Obrador,60,8400,400,290000,0.00714285714286,0.00137931034483
497,16-65,Right Wings Politics,Lagos de Moreno,Lopez Obrador,20,1200,50,95000,0.0166666666667,0.000526315789474
498,16-65,Right Wings Politics,El Salto,Lopez Obrador,20,530,30,21000,0.0377358490566,0.00142857142857
499,16-65,Right Wings Politics,Tepatitlán De Morelos,Lopez Obrador,20,0,0,0,inf,
